{"device": "iPhone 6", "screen_h": 568, "screen_w": 320, "face_valid": 1, "face_x": 13, "face_y": 281, "face_w": 344, "face_h": 344, "leye_x": 221, "leye_y": 324, "leye_w": 103, "leye_h": 103, "reye_x": 87, "reye_y": 324, "reye_w": 103, "reye_h": 103, "dot_xcam": -0.714885141015, "dot_y_cam": -5.63819846392, "dot_x_pix": 62.6934623718, "dot_y_pix": 263.949325085, "reye_x1": 113, "reye_y1": 387, "reye_x2": 170, "reye_y2": 382, "leye_x1": 252, "leye_y1": 381, "leye_x2": 305, "leye_y2": 384}