{"device": "iPhone 6", "screen_h": 568, "screen_w": 320, "face_valid": 1, "face_x": 38, "face_y": 230, "face_w": 344, "face_h": 344, "leye_x": 215, "leye_y": 309, "leye_w": 103, "leye_h": 103, "reye_x": 76, "reye_y": 314, "reye_w": 103, "reye_h": 103, "dot_xcam": 3.25148487607, "dot_y_cam": -1.99307341188, "dot_x_pix": 279.657292366, "dot_y_pix": 64.9650838971, "reye_x1": 128, "reye_y1": 378, "reye_x2": 175, "reye_y2": 370, "leye_x1": 253, "leye_y1": 366, "leye_x2": 302, "leye_y2": 369}