{"device": "iPhone 6", "screen_h": 568, "screen_w": 320, "face_valid": 1, "face_x": 13, "face_y": 281, "face_w": 344, "face_h": 344, "leye_x": 231, "leye_y": 319, "leye_w": 103, "leye_h": 103, "reye_x": 87, "reye_y": 319, "reye_w": 103, "reye_h": 103, "dot_xcam": -1.08796926108, "dot_y_cam": -7.61879143108, "dot_x_pix": 42.2854421288, "dot_y_pix": 372.068191528, "reye_x1": 121, "reye_y1": 388, "reye_x2": 174, "reye_y2": 382, "leye_x1": 256, "leye_y1": 381, "leye_x2": 306, "leye_y2": 384}