{"device": "iPhone 6", "screen_h": 568, "screen_w": 320, "face_valid": 1, "face_x": 13, "face_y": 281, "face_w": 344, "face_h": 344, "leye_x": 226, "leye_y": 324, "leye_w": 103, "leye_h": 103, "reye_x": 92, "reye_y": 324, "reye_w": 103, "reye_h": 103, "dot_xcam": 1.54834583396, "dot_y_cam": -5.44883276184, "dot_x_pix": 186.494131088, "dot_y_pix": 253.612014294, "reye_x1": 120, "reye_y1": 388, "reye_x2": 172, "reye_y2": 383, "leye_x1": 254, "leye_y1": 382, "leye_x2": 305, "leye_y2": 385}